Workbook

Sheet Placement_Data_Full_Class
A1: Sl_No | B1: Gender | C1: Ssc_P | D1: Ssc_B | E1: Hsc_P | F1: Hsc_B | G1: Hsc_S | H1: Degree_P | I1: Degree_T | J1: Workex | K1: Etest_P | L1: Specialisation | M1: Mba_P | N1: Grade | O1: Status | P1: Priority | Q1: Adjusted Salary | R1: Salary with potential Sign-up Bonus
A2: 153 | B2: Female | C2: 75.4 | D2: Others | E2: 60.5 | F2: Central | G2: Science | H2: 84 | I2: Sci&Tech | J2: No | K2: 98 | L2: Mkt&Fin | M2: 65.25 | N2: =IF(M2>75,"Distinction",IF(M2>60,"First Class","Pass")) -> First Class | O2: Placed | P2: =IF(AND(Table2[[#This Row],[Workex]]="Yes",Table2[[#This Row],[Degree_P]]>70%),"High Priority", "Standard") -> Standard | Q2: 240000 | R2: =IF(Table2[[#This Row],[Etest_P]]>90,Table2[[#This Row],[Adjusted Salary ]]+(Table2[[#This Row],[Adjusted Salary ]]*5%),Table2[[#This Row],[Adjusted Salary ]]) -> 252000
A3: 25 | B3: Male | C3: 76.5 | D3: Others | E3: 97.7 | F3: Others | G3: Science | H3: 78.86 | I3: Sci&Tech | J3: No | K3: 97.4 | L3: Mkt&Fin | M3: 74.01 | N3: =IF(M3>75,"Distinction",IF(M3>60,"First Class","Pass")) -> First Class | O3: Placed | P3: =IF(AND(Table2[[#This Row],[Workex]]="Yes",Table2[[#This Row],[Degree_P]]>70%),"High Priority", "Standard") -> Standard | Q3: 360000 | R3: =IF(Table2[[#This Row],[Etest_P]]>90,Table2[[#This Row],[Adjusted Salary ]]+(Table2[[#This Row],[Adjusted Salary ]]*5%),Table2[[#This Row],[Adjusted Salary ]]) -> 378000
A4: 119 | B4: Male | C4: 76 | D4: Central | E4: 80 | F4: Central | G4: Science | H4: 78 | I4: Sci&Tech | J4: Yes | K4: 97 | L4: Mkt&HR | M4: 70.48 | N4: =IF(M4>75,"Distinction",IF(M4>60,"First Class","Pass")) -> First Class | O4: Placed | P4: =IF(AND(Table2[[#This Row],[Workex]]="Yes",Table2[[#This Row],[Degree_P]]>70%),"High Priority", "Standard") -> High Priority | Q4: 276000 | R4: =IF(Table2[[#This Row],[Etest_P]]>90,Table2[[#This Row],[Adjusted Salary ]]+(Table2[[#This Row],[Adjusted Salary ]]*5%),Table2[[#This Row],[Adjusted Salary ]]) -> 289800
A5: 207 | B5: Male | C5: 41 | D5: Central | E5: 42 | F5: Central | G5: Science | H5: 60 | I5: Comm&Mgmt | J5: No | K5: 97 | L5: Mkt&Fin | M5: 53.39 | N5: =IF(M5>75,"Distinction",IF(M5>60,"First Class","Pass")) -> Pass | O5: Not Placed | P5: =IF(AND(Table2[[#This Row],[Workex]]="Yes",Table2[[#This Row],[Degree_P]]>70%),"High Priority", "Standard") -> Standard | Q5: 0 | R5: =IF(Table2[[#This Row],[Etest_P]]>90,Table2[[#This Row],[Adjusted Salary ]]+(Table2[[#This Row],[Adjusted Salary ]]*5%),Table2[[#This Row],[Adjusted Salary ]]) -> 0
A6: 5 | B6: Male | C6: 85.8 | D6: Central | E6: 73.6 | F6: Central | G6: Commerce | H6: 73.3 | I6: Comm&Mgmt | J6: No | K6: 96.8 | L6: Mkt&Fin | M6: 55.5 | N6: =IF(M6>75,"Distinction",IF(M6>60,"First Class","Pass")) -> Pass | O6: Placed | P6: =IF(AND(Table2[[#This Row],[Workex]]="Yes",Table2[[#This Row],[Degree_P]]>70%),"High Priority", "Standard") -> Standard | Q6: 425000 | R6: =IF(Table2[[#This Row],[Etest_P]]>90,Table2[[#This Row],[Adjusted Salary ]]+(Table2[[#This Row],[Adjusted Salary ]]*5%),Table2[[#This Row],[Adjusted Salary ]]) -> 446250
A7: 117 | B7: Male | C7: 68.2 | D7: Central | E7: 72.8 | F7: Central | G7: Commerce | H7: 66.6 | I7: Comm&Mgmt | J7: Yes | K7: 96 | L7: Mkt&Fin | M7: 70.85 | N7: =IF(M7>75,"Distinction",IF(M7>60,"First Class","Pass")) -> First Class | O7: Placed | P7: =IF(AND(Table2[[#This Row],[Workex]]="Yes",Table2[[#This Row],[Degree_P]]>70%),"High Priority", "Standard") -> High Priority | Q7: 300000 | R7: =IF(Table2[[#This Row],[Etest_P]]>90,Table2[[#This Row],[Adjusted Salary ]]+(Table2[[#This Row],[Adjusted Salary ]]*5%),Table2[[#This Row],[Adjusted Salary ]]) -> 315000
A8: 139 | B8: Female | C8: 82 | D8: Others | E8: 64 | F8: Others | G8: Science | H8: 73 | I8: Sci&Tech | J8: Yes | K8: 96 | L8: Mkt&Fin | M8: 71.77 | N8: =IF(M8>75,"Distinction",IF(M8>60,"First Class","Pass")) -> First Class | O8: Placed | P8: =IF(AND(Table2[[#This Row],[Workex]]="Yes",Table2[[#This Row],[Degree_P]]>70%),"High Priority", "Standard") -> High Priority | Q8: 250000 | R8: =IF(Table2[[#This Row],[Etest_P]]>90,Table2[[#This Row],[Adjusted Salary ]]+(Table2[[#This Row],[Adjusted Salary ]]*5%),Table2[[#This Row],[Adjusted Salary ]]) -> 262500
A9: 190 | B9: Female | C9: 54 | D9: Central | E9: 77.6 | F9: Others | G9: Commerce | H9: 69.2 | I9: Comm&Mgmt | J9: No | K9: 95.65 | L9: Mkt&Fin | M9: 66.94 | N9: =IF(M9>75,"Distinction",IF(M9>60,"First Class","Pass")) -> First Class | O9: Not Placed | P9: =IF(AND(Table2[[#This Row],[Workex]]="Yes",Table2[[#This Row],[Degree_P]]>70%),"High Priority", "Standard") -> Standard | Q9: 0 | R9: =IF(Table2[[#This Row],[Etest_P]]>90,Table2[[#This Row],[Adjusted Salary ]]+(Table2[[#This Row],[Adjusted Salary ]]*5%),Table2[[#This Row],[Adjusted Salary ]]) -> 0
A10: 73 | B10: Male | C10: 84.86 | D10: Others | E10: 67 | F10: Others | G10: Science | H10: 78 | I10: Comm&Mgmt | J10: No | K10: 95.5 | L10: Mkt&Fin | M10: 68.53 | N10: =IF(M10>75,"Distinction",IF(M10>60,"First Class","Pass")) -> First Class | O10: Placed | P10: =IF(AND(Table2[[#This Row],[Workex]]="Yes",Table2[[#This Row],[Degree_P]]>70%),"High Priority", "Standard") -> Standard | Q10: 240000 | R10: =IF(Table2[[#This Row],[Etest_P]]>90,Table2[[#This Row],[Adjusted Salary ]]+(Table2[[#This Row],[Adjusted Salary ]]*5%),Table2[[#This Row],[Adjusted Salary ]]) -> 252000
A11: 96 | B11: Male | C11: 73 | D11: Central | E11: 78 | F11: Others | G11: Commerce | H11: 65 | I11: Comm&Mgmt | J11: Yes | K11: 95.46 | L11: Mkt&Fin | M11: 62.16 | N11: =IF(M11>75,"Distinction",IF(M11>60,"First Class","Pass")) -> First Class | O11: Placed | P11: =IF(AND(Table2[[#This Row],[Workex]]="Yes",Table2[[#This Row],[Degree_P]]>70%),"High Priority", "Standard") -> High Priority | Q11: 420000 | R11: =IF(Table2[[#This Row],[Etest_P]]>90,Table2[[#This Row],[Adjusted Salary ]]+(Table2[[#This Row],[Adjusted Salary ]]*5%),Table2[[#This Row],[Adjusted Salary ]]) -> 441000
A12: 22 | B12: Female | C12: 79 | D12: Others | E12: 76 | F12: Others | G12: Commerce | H12: 85 | I12: Comm&Mgmt | J12: No | K12: 95 | L12: Mkt&Fin | M12: 69.06 | N12: =IF(M12>75,"Distinction",IF(M12>60,"First Class","Pass")) -> First Class | O12: Placed | P12: =IF(AND(Table2[[#This Row],[Workex]]="Yes",Table2[[#This Row],[Degree_P]]>70%),"High Priority", "Standard") -> Standard | Q12: 393000 | R12: =IF(Table2[[#This Row],[Etest_P]]>90,Table2[[#This Row],[Adjusted Salary ]]+(Table2[[#This Row],[Adjusted Salary ]]*5%),Table2[[#This Row],[Adjusted Salary ]]) -> 412650
A13: 44 | B13: Male | C13: 87 | D13: Others | E13: 87 | F13: Others | G13: Commerce | H13: 68 | I13: Comm&Mgmt | J13: No | K13: 95 | L13: Mkt&HR | M13: 62.9 | N13: =IF(M13>75,"Distinction",IF(M13>60,"First Class","Pass")) -> First Class | O13: Placed | P13: =IF(AND(Table2[[#This Row],[Workex]]="Yes",Table2[[#This Row],[Degree_P]]>70%),"High Priority", "Standard") -> Standard | Q13: 300000 | R13: =IF(Table2[[#This Row],[Etest_P]]>90,Table2[[#This Row],[Adjusted Salary ]]+(Table2[[#This Row],[Adjusted Salary ]]*5%),Table2[[#This Row],[Adjusted Salary ]]) -> 315000
... A216: 191 | B216: Female | C216: 64 | D216: Others | E216: 70.2 | F216: Central | G216: Commerce | H216: 61 | I216: Comm&Mgmt | J216: No | K216: 50 | L216: Mkt&Fin | M216: 62.5 | N216: =IF(M216>75,"Distinction",IF(M216>60,"First Class","Pass")) -> First Class | O216: Not Placed | P216: =IF(AND(Table2[[#This Row],[Workex]]="Yes",Table2[[#This Row],[Degree_P]]>70%),"High Priority", "Standard") -> Standard | Q216: 0 | R216: =IF(Table2[[#This Row],[Etest_P]]>90,Table2[[#This Row],[Adjusted Salary ]]+(Table2[[#This Row],[Adjusted Salary ]]*5%),Table2[[#This Row],[Adjusted Salary ]]) -> 0

Sheet Data_insights
A1: Total number of students placed in "Mkt&HR" vs "Mkt&Fin". | B1: Mkt&HR | C1: Mkt&Fin
B2: =COUNTIF(Table2[Specialisation],"Mkt&Hr") -> 95 | C2: =COUNTIF(Table2[Specialisation],"Mkt&Fin") -> 120
A3: Average salary for people having work experience | B3: =AVERAGEIF(Placement_Data_Full_Class!$J$2:$J$216,"Yes",Placement_Data_Full_Class!$Q$2:$Q$216) -> 262283.78
A5: How many males scored more then 80% in ssc and hsc | B5: =COUNTIFS(Placement_Data_Full_Class!$C$2:$C$216,">=80",Placement_Data_Full_Class!$E$2:$E$216,">=80",Placement_Data_Full_Class!$B$2:$B$216,"Male") -> 5
A7: The total salary paid to students from the "Central" hsc_b who are currently "Placed" | B7: =SUMIFS(Placement_Data_Full_Class!Q2:Q215,Placement_Data_Full_Class!F2:F215,"Central",Placement_Data_Full_Class!O2:O215,"Placed") -> 16504000
A9: =Placement_Data_Full_Class!A1 -> Sl_No | B9: =Placement_Data_Full_Class!I1 -> Degree_T | C9: =Placement_Data_Full_Class!O1 -> Status
A10: 85 | B10: =VLOOKUP(A10,Placement_Data_Full_Class!A2:Q216,MATCH(B9,Table2[#Headers],0),0) -> Sci&Tech | C10: =VLOOKUP(A10,Placement_Data_Full_Class!A2:Q216,MATCH(C9,Table2[#Headers],0),0) -> Placed
A12: Max Salary per department
A13: Mkt&Fin | B13: =_xlfn.MAXIFS(Table2[[Adjusted Salary ]],Table2[Specialisation],Data_insights!A13) -> 940000

Sheet Placement_asper_department
A3: Count of Status | B3: Column Labels
A4: Row Labels | B4: Not Placed | C4: Placed | D4: Grand Total
A5: Arts | B5: 5 | C5: 6 | D5: 11
A6: Commerce | B6: 34 | C6: 79 | D6: 113
A7: Science | B7: 28 | C7: 63 | D7: 91
A8: Grand Total | B8: 67 | C8: 148 | D8: 215

Sheet Number_Of_student_per_departmen
A3: Row Labels | B3: Count of Hsc_S
A4: Arts | B4: 11
A5: Commerce | B5: 113
A6: Science | B6: 91
A7: Grand Total | B7: 215

Sheet Questions that are answerd 
A1: Phase 1: Data Preparation & Cleaning
A3: 1. Salary Cleanup: Create a new column "Adjusted Salary" that shows the salary value, but if the status is "Not Placed", it must show 0 instead of a blank or error.
A5: 2. Candidate Categorization: Create a "Grade" column. If mba_p is above 75, label it "Distinction"; if between 60 and 75, "First Class"; otherwise, "Pass".
A7: 3. Gender Formatting: Create a helper column that converts "M" to "Male" and "F" to "Female" using a single formula.
A9: Phase 2: Summary Analytics (Aggregation)
A11: 4. Specialization Report: Calculate the total number of students placed in "Mkt&HR" vs "Mkt&Fin".
A13: 5. Salary Benchmarking: Find the average salary offered specifically to students who had prior "Workex" (Work Experience).
A15: 6. High-Performer Count: Count how many Male students scored above 80% in both ssc_p and hsc_p.
A17: 7. Regional Analysis: Calculate the total salary paid to students from the "Central" hsc_b (Board of Education) who are currently "Placed".
A19: Phase 3: Search & Data Tools
A21: 8. Student Lookup: Create a search cell where you enter a sl_no and it returns the student's degree_t and status.
A23: 9. Data Validation: Create a dropdown menu containing the unique values of specialisation.
... A41: 16. Bonus Calculation: If a student's etest_p is greater than 90, calculate a potential 5% "Sign-on Bonus" based on their salary; otherwise, the bonus is 0.
